Category,Product Name,Details
Scot Authentic Bird's Nest,Scot Bird's Nest Royal Gold Manuka Honey 42ml (Pack of 6 bottles) (Scot Bird's Nest 1 pack) x 2,Produced from golden yellow bird's nest from natural caves. Benefits of bird's nest A G E Amino Acid
Scot Authentic Bird's Nest,Scot Bird's Nest Royal Gold Lavender Plus 40ml Pack of 6 bottles (Scot Bird's Nest 1 pack) x 2,Scot Bird's Nest Royal Gold Lavender Plus 40ml Pack of 6 bottles (Scot Bird's Nest 1 pack) x 2
Scot Authentic Bird's Nest,Scot Bird's Nest Royal Gold B3 Plus 70ml (Pack of 6 bottles) (Scot Bird's Nest 6 bottles) x 1,
Scot Authentic Bird's Nest,Scot Bird's Nest Royal Gold B3 Plus 70ml (Pack of 6 bottles) (Scot Bird's Nest 6 bottles) x 2,
Scot Authentic Bird's Nest,Scot Bird's Nest Royal Gold B3 Plus 70ml (Pack of 6 bottles) (Scot Bird's Nest 6 bottles) x 4,Produced from authentic bird's nest, recognized for its unique quality characteristics, soft and smooth on the tongue, careful attention to every production step to achieve products that meet Scot's quality standards. Flavored to be delicious and harmonious with Xylitol, a sugar substitute sweetener. Produced through standardized processes, every bottle is sterilized with high heat, making it a clean and quality beverage
Scot Authentic Bird's Nest,Scot Bird's Nest Royal Gold B3 Plus 40ml (Pack of 6 bottles) (Scot Bird's Nest 6 bottles) x 1,
Scot Authentic Bird's Nest,Scot Bird's Nest Royal Gold B3 Plus 40ml (Pack of 6 bottles) (Scot Bird's Nest 6 bottles) x 2,
Scot Authentic Bird's Nest,Scot Bird's Nest Royal Gold B3 Plus 40ml (Pack of 6 bottles) (Scot Bird's Nest 6 bottles) x 4,Produced from authentic bird's nest, recognized for its unique quality characteristics, soft and smooth on the tongue, careful attention to every production step to achieve products that meet Scot's quality standards. Flavored to be delicious and harmonious with Xylitol, a sugar substitute sweetener. Produced through standardized processes, every bottle is sterilized with high heat, making it a clean and quality beverage
Scot Authentic Bird's Nest,Scot Bird's Nest Gold Selection 90ml (Pack of 1 bottle) (Scot Bird's Nest 1 pack) x 1,Scot Bird's Nest Gold Selection 90ml (Pack of 1 bottle) (Scot Bird's Nest 1 pack) Premium version with long-strand bird's nest formula
Scot Authentic Bird's Nest,Scot Bird's Nest Royal Gold C Plus 70ml (Pack of 6 bottles) (Scot Bird's Nest 6 bottles) x 4,Scot Bird's Nest Royal Gold C Plus produced from authentic bird's nest, recognized for its unique quality characteristics. Carefully selected only golden yellow bird's nest meat from 100% natural caves, soft and smooth on the tongue, fragrant, delicious, and harmonious with apple kiwi scent, and contains Vitamin C which helps in the normal functioning of the immune system. Produced through standardized processes to achieve products that meet Scot's quality standards. No preservatives, no artificial colors
Scot Authentic Bird's Nest,Scot Bird's Nest Royal Gold C Plus 70ml (Pack of 6 bottles) (Scot Bird's Nest 6 bottles) x 2,Scot Bird's Nest Royal Gold C Plus produced from authentic bird's nest, recognized for its unique quality characteristics. Carefully selected only golden yellow bird's nest meat from 100% natural caves, soft and smooth on the tongue, fragrant, delicious, and harmonious with apple kiwi scent, and contains Vitamin C which helps in the normal functioning of the immune system. Produced through standardized processes to achieve products that meet Scot's quality standards. No preservatives, no artificial colors
Scot Authentic Bird's Nest,Scot Bird's Nest Royal Gold C Plus 70ml (Pack of 6 bottles) (Scot Bird's Nest 6 bottles) x 1,Scot Bird's Nest Royal Gold C Plus produced from authentic bird's nest, recognized for its unique quality characteristics. Carefully selected only golden yellow bird's nest meat from 100% natural caves, soft and smooth on the tongue, fragrant, delicious, and harmonious with apple kiwi scent, and contains Vitamin C which helps in the normal functioning of the immune system. Produced through standardized processes to achieve products that meet Scot's quality standards. No preservatives, no artificial colors
Scot Authentic Bird's Nest,Scot Bird's Nest Royal Gold C Plus 40ml (Pack of 6 bottles) (Scot Bird's Nest 6 bottles) x 2,
Scot Authentic Bird's Nest,Scot Bird's Nest Royal Gold C Plus 40ml (Pack of 6 bottles) (Scot Bird's Nest 6 bottles) x 4,Scot Thailand's #1 health gift, produced from authentic bird's nest, recognized for its unique quality characteristics, soft and smooth on the tongue, careful attention to every production step to achieve products that meet Scot's quality standards. Has fragrant, delicious, and harmonious taste with natural rock sugar. Produced through standardized processes, every bottle is sterilized with high heat, making it a clean and quality beverage
Scot Authentic Bird's Nest,Scot Bird's Nest Royal Gold C Plus 40ml (Pack of 6 bottles) (Scot Bird's Nest 6 bottles) x 1,Scot Bird's Nest Royal Gold C Plus produced from authentic bird's nest, recognized for its unique quality characteristics. Carefully selected only golden yellow bird's nest meat from 100% natural caves, soft and smooth on the tongue, fragrant, delicious, and harmonious with apple kiwi scent, and contains Vitamin C which helps in the normal functioning of the immune system. Produced through standardized processes to achieve products that meet Scot's quality standards
Scot Authentic Bird's Nest,Scot Bird's Nest Royal Gold 0% Sugar 40ml (Pack of 12 bottles) (Scot Bird's Nest 12 bottles) x 2,Carefully selected from the best golden silk bird's nest, 100% authentic bird's nest product from natural caves in southern Thailand islands. Contains glycoprotein and various substances. Carefully selected only golden yellow bird's nest meat, dense, large pieces with quality, soft and smooth on the tongue
Scot Authentic Bird's Nest,Scot Bird's Nest Royal Gold 0% Sugar 40ml (Pack of 12 bottles) (Scot Bird's Nest 12 bottles) x 4,Carefully selected from the best golden silk bird's nest, 100% authentic bird's nest product from natural caves in southern Thailand islands. Contains glycoprotein and various substances. Carefully selected only golden yellow bird's nest meat, dense, large pieces with quality, soft and smooth on the tongue
Scot Authentic Bird's Nest,Scot Bird's Nest Royal Gold 40ml (Pack of 12 bottles) (Scot Bird's Nest 12 bottles) x 1,Scot Thailand's #1 health gift, produced from authentic bird's nest, recognized for its unique quality characteristics, soft and smooth on the tongue, careful attention to every production step to achieve products that meet Scot's quality standards. Has fragrant, delicious, and harmonious taste with natural rock sugar. Produced through standardized processes, every bottle is sterilized with high heat, making it a clean and quality beverage
Scot Authentic Bird's Nest,Scot Bird's Nest Royal Gold 40ml (Pack of 12 bottles) (Scot Bird's Nest 12 bottles) x 4,Scot Thailand's #1 health gift, produced from authentic bird's nest, recognized for its unique quality characteristics, soft and smooth on the tongue, careful attention to every production step to achieve products that meet Scot's quality standards. Has fragrant, delicious, and harmonious taste with natural rock sugar. Produced through standardized processes, every bottle is sterilized with high heat, making it a clean and quality beverage
Scot Authentic Bird's Nest,Scot Bird's Nest Royal Gold 40ml (Pack of 12 bottles) (Scot Bird's Nest 12 bottles) x 2,Scot Thailand's #1 health gift, produced from authentic bird's nest, recognized for its unique quality characteristics, soft and smooth on the tongue, careful attention to every production step to achieve products that meet Scot's quality standards. Has fragrant, delicious, and harmonious taste with natural rock sugar. Produced through standardized processes, every bottle is sterilized with high heat, making it a clean and quality beverage
Scot Authentic Bird's Nest,Scot Bird's Nest Supreme Gold 0% Sugar 40ml (Pack of 8 bottles) (Scot Bird's Nest 1 pack) x 2,Scot Thailand's #1 health gift, produced from authentic bird's nest, recognized for its unique quality characteristics, soft and smooth on the tongue, careful attention to every production step to achieve products that meet Scot's quality standards. Has fragrant, delicious, and harmonious taste with natural rock sugar. Produced through standardized processes, every bottle is sterilized with high heat, making it a clean and quality beverage
Scot Authentic Bird's Nest,Scot Bird's Nest Supreme Gold 40ml (Pack of 8 bottles) (Scot Bird's Nest 1 pack) x 2,Scot Bird's Nest Supreme Gold, Scot's best bird's nest formula with increased bird's nest content. Scot is the true expert in authentic bird's nest, the only one you can trust to be authentic bird's nest from a world-class cave bird's nest source, premium quality golden yellow bird's nest with Sialic Acid anti-aging substance
Scot Authentic Bird's Nest,Scot Bird's Nest Royal Gold 0% Sugar 70ml (Pack of 6 bottles) (Scot Bird's Nest 6 bottles) x 1,
Scot Authentic Bird's Nest,Scot Bird's Nest Royal Gold 0% Sugar 70ml (Pack of 6 bottles) (Scot Bird's Nest 6 bottles) x 2,
Scot Authentic Bird's Nest,Scot Bird's Nest Full Nest Royal Supreme 150ml (Pack of 1 bottle) (Scot Bird's Nest 1 bottle) x 1,Authentic full bird's nest, specially selected only golden yellow bird's nest from abundant natural caves in southern Thailand islands, which is one of the world's best quality bird's nest sources. It's authentic full bird's nest from nature without any processing
Scot Authentic Bird's Nest,Scot Bird's Nest Royal Gold 70ml (Pack of 6 bottles) (Scot Bird's Nest 6 bottles) x 2,
Scot Authentic Bird's Nest,Scot Bird's Nest Royal Gold 70ml (Pack of 6 bottles) (Scot Bird's Nest 6 bottles) x 1,
Scot Authentic Bird's Nest,Scot Bird's Nest Gold Selection 150ml (Quantity 2 bottles) (Scot Bird's Nest 2 bottles) x 1,Authentic bird's nest with long strands, specially selected only golden yellow bird's nest from abundant natural caves in southern Thailand islands, which is one of the world's best quality bird's nest sources. It's authentic full bird's nest from nature without any processing
Scot Authentic Bird's Nest,Scot Bird's Nest Royal Gold 40ml (Pack of 6 bottles) (Scot Bird's Nest 6 bottles) x 2,
Scot Authentic Bird's Nest,Scot Bird's Nest Royal Gold 0% Sugar 40ml (Pack of 6 bottles) (Scot Bird's Nest 6 bottles) x 1,
Scot Authentic Bird's Nest,Scot Bird's Nest Royal Gold 0% Sugar 40ml (Pack of 6 bottles) (Scot Bird's Nest 6 bottles) x 2,
Scot Authentic Bird's Nest,Scot Bird's Nest Royal Gold 0% Sugar 40ml (Pack of 6 bottles) (Scot Bird's Nest 6 bottles) x 4,Produced from authentic bird's nest, recognized for its unique quality characteristics, soft and smooth on the tongue, careful attention to every production step to achieve products that meet Scot's quality standards. Flavored to be delicious and harmonious with Xylitol, a sugar substitute sweetener. Produced through standardized processes, every bottle is sterilized with high heat, making it a clean and quality beverage
Scot Authentic Bird's Nest,Scot Bird's Nest Royal Gold with Japanese Rice Germ 40ml (Pack of 6 bottles) (Scot Bird's Nest 6 bottles) x 1,
Scot Authentic Bird's Nest,Scot Bird's Nest Royal Gold with Japanese Rice Germ 40ml (Pack of 6 bottles) (Scot Bird's Nest 6 bottles) x 2,Produced from authentic bird's nest, recognized for its unique quality characteristics. Carefully selected only golden yellow bird's nest from 100% natural caves with dense, large pieces, quality, soft and smooth on the tongue. Careful attention to every production step to achieve products that meet Scot's quality standards. Flavored to be delicious and harmonious with Xylitol
Scot Authentic Bird's Nest,Scot Bird's Nest Royal Gold with Korean Ginseng 40ml (Pack of 6 bottles) (Scot Bird's Nest 6 bottles) x 1,
Scot Authentic Bird's Nest,Scot Bird's Nest Royal Gold 0% Sugar 70ml (Pack of 12 bottles) (Scot Bird's Nest 12 bottles) x 1,Scot Thailand's #1 health gift, produced from authentic bird's nest, recognized for its unique quality characteristics, soft and smooth on the tongue, careful attention to every production step to achieve products that meet Scot's quality standards. Has fragrant, delicious, and harmonious taste with natural rock sugar. Produced through standardized processes, every bottle is sterilized with high heat, making it a clean and quality beverage
Scot Authentic Bird's Nest,Scot Bird's Nest Royal Gold 0% Sugar 70ml (Pack of 12 bottles) (Scot Bird's Nest 12 bottles) x 2,Scot Thailand's #1 health gift, produced from authentic bird's nest, recognized for its unique quality characteristics, soft and smooth on the tongue, careful attention to every production step to achieve products that meet Scot's quality standards. Has fragrant, delicious, and harmonious taste with natural rock sugar. Produced through standardized processes, every bottle is sterilized with high heat, making it a clean and quality beverage
Scot Authentic Bird's Nest,Scot Bird's Nest Royal Gold 70ml (Pack of 12 bottles) (Scot Bird's Nest 12 bottles) x 1,Scot Thailand's #1 health gift, produced from authentic bird's nest, recognized for its unique quality characteristics, soft and smooth on the tongue, careful attention to every production step to achieve products that meet Scot's quality standards. Has fragrant, delicious, and harmonious taste with natural rock sugar. Produced through standardized processes, every bottle is sterilized with high heat, making it a clean and quality beverage
Scot Authentic Bird's Nest,Scot Bird's Nest Royal Gold 70ml (Pack of 12 bottles) (Scot Bird's Nest 12 bottles) x 2,Scot Thailand's #1 health gift, produced from authentic bird's nest, recognized for its unique quality characteristics, soft and smooth on the tongue, careful attention to every production step to achieve products that meet Scot's quality standards. Has fragrant, delicious, and harmonious taste with natural rock sugar. Produced through standardized processes, every bottle is sterilized with high heat, making it a clean and quality beverage
Scot Chicken Essence,Scot Chicken Essence Original Formula 40ml (Scot Chicken Essence 6 bottles) x 4,Scot Chicken Essence Original Formula is a natural food extracted from quality, complete chicken breeds that have been selected and produced with modern technology and international standards. It's a chicken essence with quality and reliability in production, free from any additives or enhancements, no preservatives, MSG, or synthetic colors. It's pure chicken essence with quality and contains tyrosine, easy to digest
Scot Chicken Essence,Scot Chicken Essence Original Formula 40ml (Scot Chicken Essence 12 bottles) x 4,Scot Chicken Essence is a product that consumers want benefits to help nourish the brain. Therefore, Scot Chicken Essence develops products to meet consumer needs by adjusting the formula to add Vitamin B12 to enhance the effectiveness of nourishing the nervous system and brain. But it still has tyrosine, an amino acid that's easily absorbed and can be used immediately, which helps increase focus and helps nourish the body to be strong. Can be consumed to suit 4 situations: 1. Using the brain 2. Exercise 3. Lack of sleep 4. Hangover
Scot Chicken Essence,Scot Chicken Essence Original Formula 40ml (Scot Chicken Essence 12 bottles) x 2,Scot Chicken Essence is a product that consumers want benefits to help nourish the brain. Therefore, Scot Chicken Essence develops products to meet consumer needs by adjusting the formula to add Vitamin B12 to enhance the effectiveness of nourishing the nervous system and brain. But it still has tyrosine, an amino acid that's easily absorbed and can be used immediately, which helps increase focus and helps nourish the body to be strong. Can be consumed to suit 4 situations: 1. Using the brain 2. Exercise 3. Lack of sleep 4. Hangover
Scot Chicken Essence,Scot 100 Chicken Essence 100% Formula 70ml (Pack of 6 bottles) (Scot Chicken Essence 6 bottles) x 1,Scot Chicken Essence 100% Formula is pure chicken essence with quality, easy to digest, can be consumed immediately whether heated hot, chilled, or mixed with warm water
Scot Chicken Essence,Scot 100 Chicken Essence 100% Formula 70ml (Pack of 6 bottles) (Scot Chicken Essence 6 bottles) x 2,Scot 100 Chicken Essence 100% Formula is a natural food extracted from quality, complete chicken breeds that have been selected and produced with modern technology and international standards. It's a chicken essence with quality and reliability in production, free from any additives or enhancements, no preservatives, MSG, or synthetic colors. It's pure chicken essence with quality and contains tyrosine, easy to digest
Scot Chicken Essence,Scot 100 Chicken Essence 100% Formula 70ml (Pack of 12 bottles) (Scot Chicken Essence 12 bottles) x 1,Scot 100 Chicken Essence 100% Formula is a natural food extracted from quality, complete chicken breeds that have been selected and produced with modern technology and international standards. It's a chicken essence with quality and reliability in production, free from any additives or enhancements, no preservatives, MSG, or synthetic colors. It's pure chicken essence with quality and contains tyrosine, easy to digest
Scot Chicken Essence,Scot 100 Chicken Essence 100% Formula 70ml (Pack of 12 bottles) (Scot Chicken Essence 12 bottles) x 4,Scot 100 Chicken Essence 100% Formula is a natural food extracted from quality, complete chicken breeds that have been selected and produced with modern technology and international standards. It's a chicken essence with quality and reliability in production, free from any additives or enhancements, no preservatives, MSG, or synthetic colors. It's pure chicken essence with quality and contains tyrosine, easy to digest
Scot Chicken Essence,Scot 100 Chicken Essence 100% Formula 100ml (Pack of 6 bottles) (Scot Chicken Essence 6 bottles) x 2,Scot 100 Chicken Essence 100% Formula is a natural food extracted from quality, complete chicken breeds that have been selected and produced with modern technology and international standards. It's a chicken essence with quality and reliability in production, free from any additives or enhancements, no preservatives, MSG, or synthetic colors. It's pure chicken essence with quality and contains tyrosine, easy to digest
Scot Chicken Essence,Scot Chicken Essence with Cordyceps 40ml (Scot Chicken Essence 6 bottles) x 4,
Scot Chicken Essence,Scot Chicken Essence with Cordyceps 40ml (Scot Chicken Essence 12 bottles) x 2,Scot Chicken Essence with Cordyceps 40ml Pack of 12 bottles
Scot Chicken Essence,Scot Chicken Essence with Cordyceps 70ml (Pack of 6 bottles) (Scot Chicken Essence 6 bottles) x 2,Scot Chicken Essence with Cordyceps 70ml Scot Chicken Essence 6 bottles x 2
Scot Puree,Scot Puree Concentrated Prune Extract with Vitamins 40ml (Scot Puree 6 bottles) x 4,
Scot Puree,Scot Puree Concentrated Prune Extract with Vitamins 40ml (Scot Puree 6 bottles) x 6,
Scot Puree,Scot Puree Concentrated Prune Extract with Vitamins 40ml (Scot Puree 12 bottles) x 2,
Scot Puree,Scot Puree Concentrated Prune Extract with Vitamins 40ml (Scot Puree 12 bottles) x 4,
Scot Puree,Scot Puree Berry Concentrated Berry Extract with Vitamins 40ml (Scot Puree 12 bottles) x 2,
Scot Puree,Scot Puree Berry Concentrated Berry Extract with Vitamins 40ml (Scot Puree 12 bottles) x 4,
Scot Puree,Scot Puree Berry Concentrated Berry Extract with Vitamins 40ml (Scot Puree 6 bottles) x 4,Delicious and concentrated from various berry types, with goji berry pieces, packed with lutein, and rich in 100% Vitamin A, helps protect eyes from blue light from screens, improves vision efficiency even better
Scot Puree,Scot Puree Berry Concentrated Berry Extract with Vitamins 40ml (Scot Puree 6 bottles) x 6,Delicious and concentrated from various berry types, with goji berry pieces, packed with lutein, and rich in 100% Vitamin A, helps protect eyes from blue light from screens, improves vision efficiency even better
Scot Kids,Scot Kids Chicken Essence with Milk Chocolate Orange Flavor 140ml (Pack of 6 bottles) (Scot Kids 1 pack) x 2,Chicken essence with milk, lactose-free, more than just delicious, helps children have comfortable stomachs, helps maintain good health, worry-free for children allergic to milk. Comes with tyrosine, DHA, and Omega 3 increased 2 times, helps improve focus, reduces sugar by 30%, delicious and appealing to children. Full benefits in one bottle
Scot Kids,Scot Kids Popcorn Caramel 40ml (Pack of 6 bottles) Less Sugar Formula (Scot Kids 1 pack) x 2,Scot Kids Popcorn Caramel 40ml (Pack of 6 bottles) Less Sugar Formula
Scot Kids,Scot Kids Beta Glucan Malt Flavor 40ml (Pack of 6 bottles) (Scot Kids 6 bottles) x 4,
Scot Kids,Scot Kids Beta Glucan Malt Flavor 40ml (Pack of 6 bottles) (Scot Kids 6 bottles) x 6,
Scot Kids,Scot Kids Chicken Essence with Milk Chocolate Flavor 140ml (Pack of 12 bottles) (Scot Kids 12 bottles) x 4,
Scot Kids,Scot Kids Choco 40ml (Scot Kids 1 pack) x 2,Scot Kids Choco Children's milk, milk for children, chicken essence
Scot Kids,Scot Kids Choco 40ml (Scot Kids 6 bottles) x 4,Scot Kids Choco Children's milk, milk for children, chicken essence
Scot Kids,Scot Kids Choco 40ml (Scot Kids 12 bottles) x 2,Scot Kids Choco Children's milk, milk for children, chicken essence
Scot Kids,Scot Kids Chicken Essence with Milk Chocolate Flavor 140ml (Scot Kids 1 pack) x 2,Scot Kids Chicken Essence with Milk Chocolate Flavor 140ml (Scot Kids 1 pack) x 2
Scot Collagen,Scot Beauty Shot Belly Fat Burner with Collagen (Scot Collagen 1 pack) x 2,"Scot Belly Fat Burner Beauty Shot with Collagen has 5,000mg of collagen that helps skin look bright and radiant with aura, along with belly fat burner pieces, helps take care of body shape, balances the body, good health with aura from within. Low calories and has Vitamin C that helps stimulate collagen function well. Recommended to take in the morning 30 minutes before meals or before bed to increase effectiveness in taking care of skin and body shape"
Scot Gift Baskets Gift Sets,Scot Giftbox 03 Chicken Essence 100% Formula 40ml Quantity 6 bottles (Scot Giftbox 1 pack) x 2,Scot-Giftbox-03-Chicken-Essence-100-Formula-40ml-Quantity-6-bottles
Scot Gift Baskets Gift Sets,Scot Giftbox 02 Puree Berry 40ml Quantity 6 bottles (Scot Giftbox 1 pack) x 2,Scot Thailand's #1 health gift, recognized for its unique quality characteristics, soft and smooth on the tongue, careful attention to every production step to achieve products that meet Scot's quality standards. Has fragrant, delicious taste, produced through standardized processes
Scot Gift Baskets Gift Sets,Scot Giftbox 01 Puree Prune 40ml Quantity 6 bottles (Scot Giftbox 1 pack) x 2,Scot Giftbox 01 Puree Prune 40ml Quantity 6 bottles
Scot Gift Baskets Gift Sets,Scot Delight Gift Basket Bird's Nest + Puree Berry 40ml Quantity 10 bottles (Scot Gift Basket 1 piece) x 2,Scot Delight Gift Basket Bird's Nest + Puree Berry 40ml Quantity 10 bottles
Scot Gift Baskets Gift Sets,Scot Greatest Gift Basket Bird's Nest Royal Gold Xylitol 40ml Quantity 22 bottles (Scot Gift Basket 1 piece) x 2,Scot-Gift-Basket-Greatest-Bird's-Nest-Royal-Gold-Xylitol-40ml-Quantity-22-bottles
Scot Gift Baskets Gift Sets,Scot Giftbox Bird's Nest 40ml (6 bottles) (Scot Giftbox 6 bottles) x 1,Scot Thailand's #1 health gift, produced from authentic bird's nest, recognized for its unique quality characteristics, soft and smooth on the tongue, careful attention to every production step to achieve products that meet Scot's quality standards. Has fragrant, delicious, and harmonious taste with natural rock sugar. Produced through standardized processes, every bottle is sterilized with high heat, making it a clean and quality beverage
Scot Gift Baskets Gift Sets,Scot Gift Basket E - Bird's Nest Royal Gold 0% Sugar 40ml 10 bottles (Scot Gift Basket 10 bottles) x 1,Scot Thailand's #1 health gift, produced from authentic bird's nest, recognized for its unique quality characteristics, soft and smooth on the tongue, careful attention to every production step to achieve products that meet Scot's quality standards. Has fragrant, delicious, and harmonious taste with natural rock sugar. Produced through standardized processes, every bottle is sterilized with high heat, making it a clean and quality beverage
Scot Gift Baskets Gift Sets,Scot Gift Basket B - Bird's Nest Chicken Essence 40ml 10 bottles (Scot Gift Basket 10 bottles) x 1,Scot Thailand's #1 health gift, produced from authentic bird's nest, recognized for its unique quality characteristics, soft and smooth on the tongue, careful attention to every production step to achieve products that meet Scot's quality standards. Has fragrant, delicious, and harmonious taste with natural rock sugar. Produced through standardized processes, every bottle is sterilized with high heat, making it a clean and quality beverage
Scot Gift Baskets Gift Sets,Scot Gift Basket C - Chicken Essence 40ml 10 bottles (Scot Chicken Essence 10 bottles) x 2,Scot Gift Basket C Chicken Essence 40ml Quantity 10 bottles
Scot Gift Baskets Gift Sets,Scot Gift Basket C - Chicken Essence 40ml 10 bottles (Scot Chicken Essence 10 bottles) x 1,Scot Gift Basket Chicken Essence 100% l Scot 100 Chicken Essence 100% Formula is a natural food extracted from quality, complete chicken breeds that have been selected and produced with modern technology and international standards. It's a chicken essence with quality and reliability in production, free from any additives or enhancements, no preservatives, MSG, or synthetic colors. It's pure chicken essence with quality and contains tyrosine, easy to digest
Scot Gift Baskets Gift Sets,Scot Gift Basket PP - Puree Prune 40ml 10 bottles (Scot Gift Basket 10 bottles) x 2,Scot Thailand's #1 health gift, careful attention to every production step to achieve products that meet Scot's quality standards. Has fragrant, delicious taste
Scot Gift Baskets Gift Sets,Scot Gift Basket PP - Puree Prune 40ml 10 bottles (Scot Gift Basket 10 bottles) x 1,Scot Puree Prune carefully selected only high-quality prunes, extracted to get concentrated prune juice with prune pieces, a source of dietary fiber, helps increase fiber in the digestive system, helps stimulate bowel movements. Contains rosehip extract, rich in 100% of the recommended daily amount of Vitamin C and Vitamin E. Vitamin C and Vitamin E help in collagen formation for normal skin function and help in the antioxidant process. Drink regularly every day to help increase freshness for the body
Scot Gift Baskets Gift Sets,Scot Gift Basket PB - Puree Berry 40ml 10 bottles (Scot Gift Basket 10 bottles) x 2,
Scot Gift Baskets Gift Sets,Scot Gift Basket PB - Puree Berry 40ml 10 bottles (Scot Gift Basket 10 bottles) x 1,Scot Gift Basket Puree Berry l Carefully selected berries from nature up to 10 types including cranberry, raspberry, acai berry, chokeberry, strawberry, black currant, blackberry, elderberry, and bilberry, extracted into concentrated berry juice with goji berry pieces, rich in 100% of the recommended daily amount of Vitamin A. Vitamin A helps maintain normal vision condition and contains lutein and beta-carotene. Scot Puree 10 Berries has delicious, harmonious taste, providing freshness every day
Scot Gift Baskets Gift Sets,Scot Gift Basket Hi-Class2 Bird's Nest Chicken Essence 70ml 12 bottles (Scot Gift Basket 12 bottles) x 1,Scot-Gift-Basket-Hi-Class-2-70ml-Scot-Gift-Basket-12-bottles
Scot Gift Baskets Gift Sets,Scot Gift Basket Hi-Class2 Bird's Nest Chicken Essence 70ml 12 bottles (Scot Gift Basket 12 bottles) x 2,Scot-Gift-Basket-Hi-Class-2-70ml-Scot-Gift-Basket-12-bottles-x2
Scot Gift Baskets Gift Sets,Scot Gift Basket Hi-Class 3 Bird's Nest Royal Gold 0% Sugar 40ml 18 bottles (Scot Gift Basket 18 bottles) x 1,Scot Thailand's #1 health gift, produced from authentic bird's nest, recognized for its unique quality characteristics, soft and smooth on the tongue, careful attention to every production step to achieve products that meet Scot's quality standards. Has fragrant, delicious, and harmonious taste with natural rock sugar. Produced through standardized processes, every bottle is sterilized with high heat, making it a clean and quality beverage
Scot Gift Baskets Gift Sets,Scot Gift Basket Hi-Class 3 Bird's Nest Royal Gold 0% Sugar 40ml 18 bottles (Scot Gift Basket 18 bottles) x 2,Scot Thailand's #1 health gift, produced from authentic bird's nest, recognized for its unique quality characteristics, soft and smooth on the tongue, careful attention to every production step to achieve products that meet Scot's quality standards. Has fragrant, delicious, and harmonious taste with natural rock sugar. Produced through standardized processes, every bottle is sterilized with high heat, making it a clean and quality beverage
Scot Gift Baskets Gift Sets,Scot Gift Basket Hi-Class 4 Bird's Nest Royal Gold 0% Sugar 70ml 11 bottles (Scot Gift Basket 11 bottles) x 1,Scot Thailand's #1 health gift, produced from authentic bird's nest, recognized for its unique quality characteristics, soft and smooth on the tongue, careful attention to every production step to achieve products that meet Scot's quality standards. Has fragrant, delicious, and harmonious taste with natural rock sugar. Produced through standardized processes, every bottle is sterilized with high heat, making it a clean and quality beverage
Scot Gift Baskets Gift Sets,Scot Giftbox 01 - Puree Prune 40ml 6 bottles (Scot Giftbox 6 bottles) x 4,Giftbox Bird's Nest Scot Thailand's #1 health gift Berry Puree
Scot Gift Baskets Gift Sets,Scot Giftbox 02 - Puree Berry 40ml 6 bottles (Scot Giftbox 6 bottles) x 4,Scot Thailand's #1 health gift, recognized for its unique quality characteristics, soft and smooth on the tongue, careful attention to every production step to achieve products that meet Scot's quality standards. Has fragrant, delicious taste, produced through standardized processes
Scot Gift Baskets Gift Sets,Scot Giftbox 03 - Chicken Essence 40ml 6 bottles (Scot Giftbox 6 bottles) x 6,"Giftbox, Chicken Essence Scot, scotch, health gift"
Scot Gift Baskets Gift Sets,Scot Giftbox PB - Puree Berry 40ml 10 bottles (Scot Puree 10 bottles) x 2,"Giftbox, Bird's Nest, Scot, scotch, health gift, Puree, Berry"
Scot Gift Baskets Gift Sets,Scot Giftbox Puree Prune 40ml 10 bottles (Scot Giftbox 10 bottles) x 2,"Giftbox, Puree Prune Berry, Scot, scotch, health gift"
Scot Gift Baskets Gift Sets,Scot Giftbox 06(C) 40ml (Scot Giftbox 10 bottles) x 2,Scot Thailand's #1 health gift Scot-Giftbox-06-C-40ml-Scot-Giftbox-10-bottles-x-2
Scot Gift Baskets Gift Sets,Scot Giftbox Bird's Nest 40ml (Scot Giftbox 9 bottles) x 1,Scot Thailand's #1 health gift, produced from authentic bird's nest, recognized for its unique quality characteristics, soft and smooth on the tongue, careful attention to every production step to achieve products that meet Scot's quality standards. Has fragrant, delicious, and harmonious taste with natural rock sugar. Produced through standardized processes, every bottle is sterilized with high heat, making it a clean and quality beverage
Scot Gift Baskets Gift Sets,Scot Giftbox Bird's Nest 40ml (Scot Giftbox 9 bottles) x 2,Scot Thailand's #1 health gift, produced from authentic bird's nest, recognized for its unique quality characteristics, soft and smooth on the tongue, careful attention to every production step to achieve products that meet Scot's quality standards. Has fragrant, delicious, and harmonious taste with natural rock sugar. Produced through standardized processes, every bottle is sterilized with high heat, making it a clean and quality beverage
